x,a,b,c,d,e
-1.649999976158142090e+00,-3.038393735885620117e+00,-3.045888185501098633e+00,-3.064410686492919922e+00,-3.095898866653442383e+00,-3.738237142562866211e+00
-1.641729354858398438e+00,-3.050465345382690430e+00,-3.057449340820312500e+00,-3.074499130249023438e+00,-3.101473093032836914e+00,-3.748002767562866211e+00
-1.633458614349365234e+00,-3.062208414077758789e+00,-3.068680763244628906e+00,-3.084259986877441406e+00,-3.106792211532592773e+00,-3.757530927658081055e+00
-1.625187993049621582e+00,-3.073618888854980469e+00,-3.079578399658203125e+00,-3.093691587448120117e+00,-3.111860036849975586e+00,-3.766812562942504883e+00
-1.616917252540588379e+00,-3.084692001342773438e+00,-3.090137481689453125e+00,-3.102790594100952148e+00,-3.116679191589355469e+00,-3.775837659835815430e+00
-1.608646631240844727e+00,-3.095422506332397461e+00,-3.100357294082641602e+00,-3.111557006835937500e+00,-3.121254205703735352e+00,-3.784596681594848633e+00
-1.600375890731811523e+00,-3.105808496475219727e+00,-3.110233306884765625e+00,-3.119987964630126953e+00,-3.125587701797485352e+00,-3.793081760406494141e+00
-1.592105269432067871e+00,-3.115845441818237305e+00,-3.119762659072875977e+00,-3.128084659576416016e+00,-3.129684686660766602e+00,-3.801283359527587891e+00
-1.583834528923034668e+00,-3.125531673431396484e+00,-3.128943204879760742e+00,-3.135844707489013672e+00,-3.133549690246582031e+00,-3.809191465377807617e+00
-1.575563907623291016e+00,-3.134864091873168945e+00,-3.137773752212524414e+00,-3.143268823623657227e+00,-3.137186050415039062e+00,-3.816798210144042969e+00
-1.567293167114257812e+00,-3.143841743469238281e+00,-3.146252155303955078e+00,-3.150356531143188477e+00,-3.140600442886352539e+00,-3.824095249176025391e+00
-1.559022545814514160e+00,-3.152461051940917969e+00,-3.154377460479736328e+00,-3.157108306884765625e+00,-3.143796205520629883e+00,-3.831072330474853516e+00
-1.550751805305480957e+00,-3.160722494125366211e+00,-3.162149667739868164e+00,-3.163525581359863281e+00,-3.146780252456665039e+00,-3.837724208831787109e+00
-1.542481184005737305e+00,-3.168623685836791992e+00,-3.169567584991455078e+00,-3.169608831405639648e+00,-3.149557352066040039e+00,-3.844039916992187500e+00
-1.534210562705993652e+00,-3.176165103912353516e+00,-3.176631927490234375e+00,-3.175359964370727539e+00,-3.152133226394653320e+00,-3.850013494491577148e+00
-1.525939822196960449e+00,-3.183346986770629883e+00,-3.183341741561889648e+00,-3.180780410766601562e+00,-3.154513835906982422e+00,-3.855637550354003906e+00
-1.517669200897216797e+00,-3.190169095993041992e+00,-3.189699172973632812e+00,-3.185872077941894531e+00,-3.156705617904663086e+00,-3.860904216766357422e+00
-1.509398460388183594e+00,-3.196631669998168945e+00,-3.195705175399780273e+00,-3.190638542175292969e+00,-3.158714532852172852e+00,-3.865805625915527344e+00
-1.501127839088439941e+00,-3.202735424041748047e+00,-3.201360225677490234e+00,-3.195081233978271484e+00,-3.160548210144042969e+00,-3.870337009429931641e+00
-1.492857098579406738e+00,-3.208482742309570312e+00,-3.206666707992553711e+00,-3.199202775955200195e+00,-3.162212371826171875e+00,-3.874490737915039062e+00
-1.484586477279663086e+00,-3.213874340057373047e+00,-3.211625814437866211e+00,-3.203007698059082031e+00,-3.163715124130249023e+00,-3.878261566162109375e+00
-1.476315736770629883e+00,-3.218911409378051758e+00,-3.216240882873535156e+00,-3.206499576568603516e+00,-3.165062665939331055e+00,-3.881642341613769531e+00
-1.468045115470886230e+00,-3.223597764968872070e+00,-3.220514059066772461e+00,-3.209680318832397461e+00,-3.166263580322265625e+00,-3.884629726409912109e+00
-1.459774374961853027e+00,-3.227935075759887695e+00,-3.224447488784790039e+00,-3.212556362152099609e+00,-3.167325019836425781e+00,-3.887216567993164062e+00
-1.451503753662109375e+00,-3.231926202774047852e+00,-3.228044986724853516e+00,-3.215130090713500977e+00,-3.168255805969238281e+00,-3.889399290084838867e+00
-1.443233013153076172e+00,-3.235574007034301758e+00,-3.231311082839965820e+00,-3.217407464981079102e+00,-3.169062852859497070e+00,-3.891172647476196289e+00
-1.434962391853332520e+00,-3.238882064819335938e+00,-3.234248876571655273e+00,-3.219392538070678711e+00,-3.169755220413208008e+00,-3.892532825469970703e+00
-1.426691770553588867e+00,-3.241854190826416016e+00,-3.236861467361450195e+00,-3.221090793609619141e+00,-3.170342206954956055e+00,-3.893477201461791992e+00
-1.418421030044555664e+00,-3.244493722915649414e+00,-3.239153623580932617e+00,-3.222507953643798828e+00,-3.170832633972167969e+00,-3.894000291824340820e+00
-1.410150408744812012e+00,-3.246806144714355469e+00,-3.241130590438842773e+00,-3.223648548126220703e+00,-3.171233892440795898e+00,-3.894100189208984375e+00
-1.401879668235778809e+00,-3.248794794082641602e+00,-3.242796659469604492e+00,-3.224518299102783203e+00,-3.171557426452636719e+00,-3.893773794174194336e+00
-1.393609046936035156e+00,-3.250464439392089844e+00,-3.244156599044799805e+00,-3.225124835968017578e+00,-3.171812772750854492e+00,-3.893018960952758789e+00
-1.385338306427001953e+00,-3.251819849014282227e+00,-3.245215654373168945e+00,-3.225473403930664062e+00,-3.172009229660034180e+00,-3.891833305358886719e+00
-1.377067685127258301e+00,-3.252866983413696289e+00,-3.245980024337768555e+00,-3.225570678710937500e+00,-3.172158002853393555e+00,-3.890214920043945312e+00
-1.368796944618225098e+00,-3.253610849380493164e+00,-3.246454715728759766e+00,-3.225422620773315430e+00,-3.172268867492675781e+00,-3.888162851333618164e+00
-1.360526323318481445e+00,-3.254056453704833984e+00,-3.246645927429199219e+00,-3.225035905838012695e+00,-3.172352552413940430e+00,-3.885674953460693359e+00
-1.352255582809448242e+00,-3.254210710525512695e+00,-3.246560335159301758e+00,-3.224418878555297852e+00,-3.172421455383300781e+00,-3.882751703262329102e+00
-1.343984961509704590e+00,-3.254078388214111328e+00,-3.246203422546386719e+00,-3.223578929901123047e+00,-3.172486066818237305e+00,-3.879391908645629883e+00
-1.335714221000671387e+00,-3.253666877746582031e+00,-3.245582103729248047e+00,-3.222521305084228516e+00,-3.172558784484863281e+00,-3.875595092773437500e+00
-1.327443599700927734e+00,-3.252982139587402344e+00,-3.244704008102416992e+00,-3.221256494522094727e+00,-3.172652959823608398e+00,-3.871362209320068359e+00
-1.319172978401184082e+00,-3.252031326293945312e+00,-3.243574857711791992e+00,-3.219789505004882812e+00,-3.172780036926269531e+00,-3.866693735122680664e+00
-1.310902237892150879e+00,-3.250821113586425781e+00,-3.242202281951904297e+00,-3.218131065368652344e+00,-3.172954082489013672e+00,-3.861588239669799805e+00
-1.302631616592407227e+00,-3.249358177185058594e+00,-3.240595102310180664e+00,-3.216288089752197266e+00,-3.173188924789428711e+00,-3.856049060821533203e+00
-1.294360876083374023e+00,-3.247650623321533203e+00,-3.238759279251098633e+00,-3.214268445968627930e+00,-3.173497915267944336e+00,-3.850076675415039062e+00
-1.286090254783630371e+00,-3.245705366134643555e+00,-3.236702680587768555e+00,-3.212082862854003906e+00,-3.173897266387939453e+00,-3.843671798706054688e+00
-1.277819514274597168e+00,-3.243529558181762695e+00,-3.234433889389038086e+00,-3.209737062454223633e+00,-3.174401283264160156e+00,-3.836837291717529297e+00
-1.269548892974853516e+00,-3.241132259368896484e+00,-3.231961011886596680e+00,-3.207242250442504883e+00,-3.175026655197143555e+00,-3.829574823379516602e+00
-1.261278152465820312e+00,-3.238520860671997070e+00,-3.229293346405029297e+00,-3.204607248306274414e+00,-3.175789117813110352e+00,-3.821885347366333008e+00
-1.253007531166076660e+00,-3.235704660415649414e+00,-3.226438283920288086e+00,-3.201840400695800781e+00,-3.176706790924072266e+00,-3.813773393630981445e+00
-1.244736790657043457e+00,-3.232691287994384766e+00,-3.223404884338378906e+00,-3.198951721191406250e+00,-3.177796840667724609e+00,-3.805240154266357422e+00
-1.236466169357299805e+00,-3.229489326477050781e+00,-3.220201969146728516e+00,-3.195951223373413086e+00,-3.179078340530395508e+00,-3.796288728713989258e+00
-1.228195428848266602e+00,-3.226109266281127930e+00,-3.216840505599975586e+00,-3.192847728729248047e+00,-3.180570840835571289e+00,-3.786922216415405273e+00
-1.219924807548522949e+00,-3.222557783126831055e+00,-3.213328599929809570e+00,-3.189651966094970703e+00,-3.182295322418212891e+00,-3.777143478393554688e+00
-1.211654186248779297e+00,-3.218846321105957031e+00,-3.209675312042236328e+00,-3.186373710632324219e+00,-3.184273004531860352e+00,-3.766957283020019531e+00
-1.203383445739746094e+00,-3.214983224868774414e+00,-3.205890893936157227e+00,-3.183023691177368164e+00,-3.186525821685791016e+00,-3.756365060806274414e+00
-1.195112824440002441e+00,-3.210979461669921875e+00,-3.201986551284790039e+00,-3.179611682891845703e+00,-3.189077377319335938e+00,-3.745372056961059570e+00
-1.186842083930969238e+00,-3.206843614578247070e+00,-3.197971105575561523e+00,-3.176148414611816406e+00,-3.191951513290405273e+00,-3.733981370925903320e+00
-1.178571462631225586e+00,-3.202587842941284180e+00,-3.193855047225952148e+00,-3.172644853591918945e+00,-3.195173025131225586e+00,-3.722196817398071289e+00
-1.170300722122192383e+00,-3.198220252990722656e+00,-3.189649343490600586e+00,-3.169111490249633789e+00,-3.198770523071289062e+00,-3.710023403167724609e+00
-1.162030100822448730e+00,-3.193752527236938477e+00,-3.185365676879882812e+00,-3.165560245513916016e+00,-3.202769756317138672e+00,-3.697464942932128906e+00
-1.153759360313415527e+00,-3.189196825027465820e+00,-3.181013345718383789e+00,-3.162000656127929688e+00,-3.207201242446899414e+00,-3.684525489807128906e+00
-1.145488739013671875e+00,-3.184561252593994141e+00,-3.176604747772216797e+00,-3.158445596694946289e+00,-3.212093830108642578e+00,-3.671209573745727539e+00
-1.137217998504638672e+00,-3.179860115051269531e+00,-3.172150611877441406e+00,-3.154905557632446289e+00,-3.217480182647705078e+00,-3.657522201538085938e+00
-1.128947377204895020e+00,-3.175102710723876953e+00,-3.167662143707275391e+00,-3.151392936706542969e+00,-3.223392486572265625e+00,-3.643466949462890625e+00
-1.120676755905151367e+00,-3.170302867889404297e+00,-3.163152217864990234e+00,-3.147917509078979492e+00,-3.229864835739135742e+00,-3.629049777984619141e+00
-1.112406015396118164e+00,-3.165469646453857422e+00,-3.158631801605224609e+00,-3.144493579864501953e+00,-3.236934423446655273e+00,-3.614274263381958008e+00
-1.104135394096374512e+00,-3.160617113113403320e+00,-3.154112577438354492e+00,-3.141131162643432617e+00,-3.244636297225952148e+00,-3.599145889282226562e+00
-1.095864653587341309e+00,-3.155757427215576172e+00,-3.149607658386230469e+00,-3.137844324111938477e+00,-3.253010272979736328e+00,-3.583668947219848633e+00
-1.087594032287597656e+00,-3.150901556015014648e+00,-3.145128250122070312e+00,-3.134642839431762695e+00,-3.262095212936401367e+00,-3.567849159240722656e+00
-1.079323291778564453e+00,-3.146063327789306641e+00,-3.140688180923461914e+00,-3.131541013717651367e+00,-3.271932363510131836e+00,-3.551690816879272461e+00
-1.071052670478820801e+00,-3.141255855560302734e+00,-3.136298179626464844e+00,-3.128550529479980469e+00,-3.282564640045166016e+00,-3.535198688507080078e+00
-1.062781929969787598e+00,-3.136490583419799805e+00,-3.131973028182983398e+00,-3.125683546066284180e+00,-3.294035673141479492e+00,-3.518378973007202148e+00
-1.054511308670043945e+00,-3.131781339645385742e+00,-3.127724170684814453e+00,-3.122953176498413086e+00,-3.306389093399047852e+00,-3.501235008239746094e+00
-1.046240568161010742e+00,-3.127140522003173828e+00,-3.123564004898071289e+00,-3.120372056961059570e+00,-3.319670677185058594e+00,-3.483772993087768555e+00
-1.037969946861267090e+00,-3.122582197189331055e+00,-3.119506835937500000e+00,-3.117954015731811523e+00,-3.333928346633911133e+00,-3.465997695922851562e+00
-1.029699206352233887e+00,-3.118119716644287109e+00,-3.115564823150634766e+00,-3.115710496902465820e+00,-3.349208354949951172e+00,-3.447913408279418945e+00
-1.021428585052490234e+00,-3.113766193389892578e+00,-3.111752033233642578e+00,-3.113656759262084961e+00,-3.365557909011840820e+00,-3.429527044296264648e+00
-1.013157963752746582e+00,-3.109534978866577148e+00,-3.108080625534057617e+00,-3.111804246902465820e+00,-3.383024454116821289e+00,-3.410841464996337891e+00
-1.004887223243713379e+00,-3.105439424514770508e+00,-3.104564666748046875e+00,-3.110167503356933594e+00,-3.401657342910766602e+00,-3.391863346099853516e+00
-9.966165423393249512e-01,-3.101493835449218750e+00,-3.101217269897460938e+00,-3.108759403228759766e+00,-3.421504020690917969e+00,-3.372595787048339844e+00
-9.883458614349365234e-01,-3.097711324691772461e+00,-3.098051071166992188e+00,-3.107594013214111328e+00,-3.442609310150146484e+00,-3.353045463562011719e+00
-9.800751805305480957e-01,-3.094105958938598633e+00,-3.095081090927124023e+00,-3.106685638427734375e+00,-3.465020656585693359e+00,-3.333217620849609375e+00
-9.718044996261596680e-01,-3.090691328048706055e+00,-3.092319488525390625e+00,-3.106047868728637695e+00,-3.488781690597534180e+00,-3.313115119934082031e+00
-9.635338187217712402e-01,-3.087480545043945312e+00,-3.089779853820800781e+00,-3.105694770812988281e+00,-3.513933897018432617e+00,-3.292744636535644531e+00
-9.552631974220275879e-01,-3.084487438201904297e+00,-3.087476015090942383e+00,-3.105641603469848633e+00,-3.540517091751098633e+00,-3.272110462188720703e+00
-9.469925165176391602e-01,-3.081726074218750000e+00,-3.085422039031982422e+00,-3.105902671813964844e+00,-3.568568706512451172e+00,-3.251217365264892578e+00
-9.387218356132507324e-01,-3.079209566116333008e+00,-3.083630800247192383e+00,-3.106492042541503906e+00,-3.598120450973510742e+00,-3.230070352554321289e+00
-9.304511547088623047e-01,-3.076952219009399414e+00,-3.082114934921264648e+00,-3.107425928115844727e+00,-3.629201412200927734e+00,-3.208673954010009766e+00
-9.221804738044738770e-01,-3.074967145919799805e+00,-3.080889940261840820e+00,-3.108719110488891602e+00,-3.661834239959716797e+00,-3.187033176422119141e+00
-9.139097929000854492e-01,-3.073267698287963867e+00,-3.079968929290771484e+00,-3.110387563705444336e+00,-3.696038484573364258e+00,-3.165152311325073242e+00
-9.056391119956970215e-01,-3.071867465972900391e+00,-3.079364776611328125e+00,-3.112447023391723633e+00,-3.731823444366455078e+00,-3.143036127090454102e+00
-8.973684310913085938e-01,-3.070779561996459961e+00,-3.079091072082519531e+00,-3.114914178848266602e+00,-3.769195318222045898e+00,-3.120688676834106445e+00
-8.890977501869201660e-01,-3.070018291473388672e+00,-3.079162597656250000e+00,-3.117805242538452148e+00,-3.808149337768554688e+00,-3.098114967346191406e+00
-8.808270692825317383e-01,-3.069596290588378906e+00,-3.079592943191528320e+00,-3.121138334274291992e+00,-3.848674774169921875e+00,-3.075319766998291016e+00
-8.725563883781433105e-01,-3.069527387619018555e+00,-3.080394506454467773e+00,-3.124930143356323242e+00,-3.890751123428344727e+00,-3.052306890487670898e+00
-8.642857074737548828e-01,-3.069824695587158203e+00,-3.081582546234130859e+00,-3.129198312759399414e+00,-3.934345483779907227e+00,-3.029080629348754883e+00
-8.560150861740112305e-01,-3.070501327514648438e+00,-3.083170413970947266e+00,-3.133962869644165039e+00,-3.979417562484741211e+00,-3.005646705627441406e+00
-8.477444052696228027e-01,-3.071570873260498047e+00,-3.085171937942504883e+00,-3.139243125915527344e+00,-4.025915622711181641e+00,-2.982007026672363281e+00
-8.394737243652343750e-01,-3.073046922683715820e+00,-3.087601661682128906e+00,-3.145058155059814453e+00,-4.073775768280029297e+00,-2.958167076110839844e+00
-8.312030434608459473e-01,-3.074943065643310547e+00,-3.090474128723144531e+00,-3.151429176330566406e+00,-4.122922420501708984e+00,-2.934130907058715820e+00
-8.229323625564575195e-01,-3.077272176742553711e+00,-3.093802213668823242e+00,-3.158377885818481445e+00,-4.173267841339111328e+00,-2.909902334213256836e+00
-8.146616816520690918e-01,-3.080048561096191406e+00,-3.097601890563964844e+00,-3.165927410125732422e+00,-4.224711894989013672e+00,-2.885486125946044922e+00
-8.063910007476806641e-01,-3.083285093307495117e+00,-3.101886272430419922e+00,-3.174099206924438477e+00,-4.277142047882080078e+00,-2.860884428024291992e+00
-7.981203198432922363e-01,-3.086996078491210938e+00,-3.106671810150146484e+00,-3.182919740676879883e+00,-4.330434322357177734e+00,-2.836102962493896484e+00
-7.898496389389038086e-01,-3.091194868087768555e+00,-3.111972332000732422e+00,-3.192414045333862305e+00,-4.384453773498535156e+00,-2.811145067214965820e+00
-7.815789580345153809e-01,-3.095895528793334961e+00,-3.117802381515502930e+00,-3.202609062194824219e+00,-4.439048767089843750e+00,-2.786013603210449219e+00
-7.733082771301269531e-01,-3.101112127304077148e+00,-3.124180316925048828e+00,-3.213533163070678711e+00,-4.494062900543212891e+00,-2.760713100433349609e+00
-7.650375962257385254e-01,-3.106858730316162109e+00,-3.131119251251220703e+00,-3.225215435028076172e+00,-4.549326419830322266e+00,-2.735247373580932617e+00
-7.567669153213500977e-01,-3.113149642944335938e+00,-3.138636827468872070e+00,-3.237688541412353516e+00,-4.604660511016845703e+00,-2.709618806838989258e+00
-7.484962940216064453e-01,-3.120000123977661133e+00,-3.146750211715698242e+00,-3.250983715057373047e+00,-4.659877300262451172e+00,-2.683832168579101562e+00
-7.402256131172180176e-01,-3.127424001693725586e+00,-3.155475378036499023e+00,-3.265138387680053711e+00,-4.714783191680908203e+00,-2.657890796661376953e+00
-7.319549322128295898e-01,-3.135435581207275391e+00,-3.164830923080444336e+00,-3.280187129974365234e+00,-4.769177436828613281e+00,-2.631797313690185547e+00
-7.236842513084411621e-01,-3.144051551818847656e+00,-3.174836158752441406e+00,-3.296171665191650391e+00,-4.822855949401855469e+00,-2.605555295944213867e+00
-7.154135704040527344e-01,-3.153285741806030273e+00,-3.185509204864501953e+00,-3.313130855560302734e+00,-4.875608921051025391e+00,-2.579168081283569336e+00
-7.071428894996643066e-01,-3.163155078887939453e+00,-3.196871757507324219e+00,-3.331110715866088867e+00,-4.927227020263671875e+00,-2.552639722824096680e+00
-6.988722085952758789e-01,-3.173674583435058594e+00,-3.208944082260131836e+00,-3.350157499313354492e+00,-4.977500915527343750e+00,-2.525972127914428711e+00
-6.906015276908874512e-01,-3.184860944747924805e+00,-3.221750259399414062e+00,-3.370321035385131836e+00,-5.026220798492431641e+00,-2.499168634414672852e+00
-6.823308467864990234e-01,-3.196732044219970703e+00,-3.235312223434448242e+00,-3.391656637191772461e+00,-5.073182582855224609e+00,-2.472233295440673828e+00
-6.740601658821105957e-01,-3.209304809570312500e+00,-3.249657630920410156e+00,-3.414219617843627930e+00,-5.118184089660644531e+00,-2.445167779922485352e+00
-6.657894849777221680e-01,-3.222599506378173828e+00,-3.264813184738159180e+00,-3.438072919845581055e+00,-5.161030292510986328e+00,-2.417975902557373047e+00
-6.575188040733337402e-01,-3.236634254455566406e+00,-3.280807256698608398e+00,-3.463282108306884766e+00,-5.201534271240234375e+00,-2.390660047531127930e+00
-6.492481231689453125e-01,-3.251430749893188477e+00,-3.297671079635620117e+00,-3.489919662475585938e+00,-5.239518165588378906e+00,-2.363223314285278320e+00
-6.409775018692016602e-01,-3.267012119293212891e+00,-3.315438508987426758e+00,-3.518062591552734375e+00,-5.274809837341308594e+00,-2.335668802261352539e+00
-6.327068209648132324e-01,-3.283401966094970703e+00,-3.334145307540893555e+00,-3.547797918319702148e+00,-5.307255268096923828e+00,-2.307998180389404297e+00
-6.244361400604248047e-01,-3.300626516342163086e+00,-3.353830575942993164e+00,-3.579216003417968750e+00,-5.336705684661865234e+00,-2.280215263366699219e+00
-6.161654591560363770e-01,-3.318716287612915039e+00,-3.374534368515014648e+00,-3.612418889999389648e+00,-5.363028526306152344e+00,-2.252321958541870117e+00
-6.078947782516479492e-01,-3.337699890136718750e+00,-3.396302700042724609e+00,-3.647518873214721680e+00,-5.386102199554443359e+00,-2.224320888519287109e+00
-5.996240973472595215e-01,-3.357613563537597656e+00,-3.419180393218994141e+00,-3.684639930725097656e+00,-5.405820369720458984e+00,-2.196214914321899414e+00
-5.913534164428710938e-01,-3.378494739532470703e+00,-3.443218946456909180e+00,-3.723918676376342773e+00,-5.422089576721191406e+00,-2.168006658554077148e+00
-5.830827355384826660e-01,-3.400385856628417969e+00,-3.468473196029663086e+00,-3.765508413314819336e+00,-5.434829711914062500e+00,-2.139697790145874023e+00
-5.748120546340942383e-01,-3.423330068588256836e+00,-3.494997501373291016e+00,-3.809577226638793945e+00,-5.443977355957031250e+00,-2.111291408538818359e+00
-5.665413737297058105e-01,-3.447378396987915039e+00,-3.522853136062622070e+00,-3.856315374374389648e+00,-5.449478626251220703e+00,-2.082789182662963867e+00
-5.582706928253173828e-01,-3.472584009170532227e+00,-3.552103757858276367e+00,-3.905931711196899414e+00,-5.451295852661132812e+00,-2.054193973541259766e+00
-5.500000119209289551e-01,-3.499005317687988281e+00,-3.582814693450927734e+00,-3.958659410476684570e+00,-5.449402332305908203e+00,-2.025507926940917969e+00
-5.417293310165405273e-01,-3.526704072952270508e+00,-3.615056276321411133e+00,-4.014757633209228516e+00,-5.443785190582275391e+00,-1.996733069419860840e+00
-5.334587097167968750e-01,-3.555747032165527344e+00,-3.648898601531982422e+00,-4.074511528015136719e+00,-5.434443950653076172e+00,-1.967872262001037598e+00
-5.251880288124084473e-01,-3.586205005645751953e+00,-3.684418678283691406e+00,-4.138234615325927734e+00,-5.421387672424316406e+00,-1.938926219940185547e+00
-5.169173479080200195e-01,-3.618153095245361328e+00,-3.721691608428955078e+00,-4.206268787384033203e+00,-5.404637336730957031e+00,-1.909898281097412109e+00
-5.086466670036315918e-01,-3.651667118072509766e+00,-3.760797023773193359e+00,-4.278981685638427734e+00,-5.384222984313964844e+00,-1.880789756774902344e+00
-5.003759860992431641e-01,-3.686828851699829102e+00,-3.801812410354614258e+00,-4.356768608093261719e+00,-5.360182285308837891e+00,-1.851603150367736816e+00
-4.921053051948547363e-01,-3.723718881607055664e+00,-3.844822168350219727e+00,-4.440047264099121094e+00,-5.332565307617187500e+00,-1.822340011596679688e+00
-4.838346242904663086e-01,-3.762422561645507812e+00,-3.889906406402587891e+00,-4.529246330261230469e+00,-5.301424980163574219e+00,-1.793002486228942871e+00
-4.755639433860778809e-01,-3.803023576736450195e+00,-3.937146902084350586e+00,-4.624806404113769531e+00,-5.266821861267089844e+00,-1.763592481613159180e+00
-4.672932624816894531e-01,-3.845607519149780273e+00,-3.986624002456665039e+00,-4.727161884307861328e+00,-5.228823661804199219e+00,-1.734111666679382324e+00
-4.590225815773010254e-01,-3.890257120132446289e+00,-4.038417339324951172e+00,-4.836730003356933594e+00,-5.187502384185791016e+00,-1.704562306404113770e+00
-4.507519304752349854e-01,-3.937056303024291992e+00,-4.092605590820312500e+00,-4.953889846801757812e+00,-5.142934799194335938e+00,-1.674945592880249023e+00
-4.424812495708465576e-01,-3.986086845397949219e+00,-4.149261474609375000e+00,-5.078966140747070312e+00,-5.095200538635253906e+00,-1.645263671875000000e+00
-4.342105686664581299e-01,-4.037428379058837891e+00,-4.208457469940185547e+00,-5.212198734283447266e+00,-5.044382572174072266e+00,-1.615518212318420410e+00
-4.259398877620697021e-01,-4.091161251068115234e+00,-4.270259380340576172e+00,-5.353723049163818359e+00,-4.990567684173583984e+00,-1.585710883140563965e+00
-4.176692068576812744e-01,-4.147358894348144531e+00,-4.334732055664062500e+00,-5.503531455993652344e+00,-4.933841705322265625e+00,-1.555843234062194824e+00
-4.093985259532928467e-01,-4.206095695495605469e+00,-4.401931762695312500e+00,-5.661451816558837891e+00,-4.874292850494384766e+00,-1.525916814804077148e+00
-4.011278748512268066e-01,-4.267442226409912109e+00,-4.471915245056152344e+00,-5.827116966247558594e+00,-4.812012672424316406e+00,-1.495933890342712402e+00
-3.928571939468383789e-01,-4.331468582153320312e+00,-4.544734477996826172e+00,-5.999931812286376953e+00,-4.747090816497802734e+00,-1.465895056724548340e+00
-3.845865130424499512e-01,-4.398236274719238281e+00,-4.620441913604736328e+00,-6.179058551788330078e+00,-4.679614543914794922e+00,-1.435802459716796875e+00
-3.763158321380615234e-01,-4.467804431915283203e+00,-4.699094772338867188e+00,-6.363394737243652344e+00,-4.609675884246826172e+00,-1.405657649040222168e+00
-3.680451512336730957e-01,-4.540225505828857422e+00,-4.780762195587158203e+00,-6.551569938659667969e+00,-4.537364006042480469e+00,-1.375461578369140625e+00
-3.597744703292846680e-01,-4.615539550781250000e+00,-4.865533351898193359e+00,-6.741948604583740234e+00,-4.462765693664550781e+00,-1.345216512680053711e+00
-3.515038192272186279e-01,-4.693774223327636719e+00,-4.953534126281738281e+00,-6.932642936706542969e+00,-4.385968208312988281e+00,-1.314923405647277832e+00
-3.432331383228302002e-01,-4.774943828582763672e+00,-5.044940948486328125e+00,-7.121541023254394531e+00,-4.307056427001953125e+00,-1.284583687782287598e+00
-3.349624574184417725e-01,-4.859037876129150391e+00,-5.140016555786132812e+00,-7.306348800659179688e+00,-4.226115703582763672e+00,-1.254198789596557617e+00
-3.266917765140533447e-01,-4.946026802062988281e+00,-5.239134788513183594e+00,-7.484634876251220703e+00,-4.143227100372314453e+00,-1.223770141601562500e+00
-3.184210956096649170e-01,-5.035851478576660156e+00,-5.342832565307617188e+00,-7.653895378112792969e+00,-4.058471202850341797e+00,-1.193299174308776855e+00
-3.101504147052764893e-01,-5.128423213958740234e+00,-5.451866149902343750e+00,-7.811614513397216797e+00,-3.971927165985107422e+00,-1.162786960601806641e+00
-3.018797338008880615e-01,-5.223627090454101562e+00,-5.567282676696777344e+00,-7.955334186553955078e+00,-3.883670568466186523e+00,-1.132234930992126465e+00
-2.936090826988220215e-01,-5.321315765380859375e+00,-5.690505981445312500e+00,-8.082715034484863281e+00,-3.793776988983154297e+00,-1.101644635200500488e+00
-2.853384017944335938e-01,-5.421320915222167969e+00,-5.823437213897705078e+00,-8.191597938537597656e+00,-3.702317714691162109e+00,-1.071016907691955566e+00
-2.770677208900451660e-01,-5.523451805114746094e+00,-5.968560695648193359e+00,-8.280062675476074219e+00,-3.609364509582519531e+00,-1.040353298187255859e+00
-2.687970399856567383e-01,-5.627516746520996094e+00,-6.129048824310302734e+00,-8.346451759338378906e+00,-3.514983892440795898e+00,-1.009654879570007324e+00
-2.605263590812683105e-01,-5.733330249786376953e+00,-6.308849811553955078e+00,-8.389416694641113281e+00,-3.419244050979614258e+00,-9.789230823516845703e-01
-2.522556781768798828e-01,-5.840742588043212891e+00,-6.512726783752441406e+00,-8.407925605773925781e+00,-3.322207927703857422e+00,-9.481587409973144531e-01
-2.439850121736526489e-01,-5.949677467346191406e+00,-6.746214389801025391e+00,-8.401266098022460938e+00,-3.223937988281250000e+00,-9.173634648323059082e-01
-2.357143312692642212e-01,-6.060190200805664062e+00,-7.015449047088623047e+00,-8.369042396545410156e+00,-3.124494791030883789e+00,-8.865379691123962402e-01
-2.274436652660369873e-01,-6.172541141510009766e+00,-7.326786041259765625e+00,-8.311149597167968750e+00,-3.023936271667480469e+00,-8.556839823722839355e-01
-2.191729843616485596e-01,-6.287302970886230469e+00,-7.686213016510009766e+00,-8.227760314941406250e+00,-2.922318458557128906e+00,-8.248019218444824219e-01
-2.109023034572601318e-01,-6.405499935150146484e+00,-8.098450660705566406e+00,-8.119286537170410156e+00,-2.819695711135864258e+00,-7.938936948776245117e-01
-2.026316374540328979e-01,-6.528754234313964844e+00,-8.565813064575195312e+00,-7.986345291137695312e+00,-2.716121435165405273e+00,-7.629598379135131836e-01
-1.943609565496444702e-01,-6.659466743469238281e+00,-9.086881637573242188e+00,-7.829734802246093750e+00,-2.611645698547363281e+00,-7.320015430450439453e-01
-1.860902756452560425e-01,-6.800989627838134766e+00,-9.655184745788574219e+00,-7.650388240814208984e+00,-2.506317853927612305e+00,-7.010200619697570801e-01
-1.778196096420288086e-01,-6.957811832427978516e+00,-1.025818157196044922e+01,-7.449352741241455078e+00,-2.400187015533447266e+00,-6.700165271759033203e-01
-1.695489287376403809e-01,-7.135766029357910156e+00,-1.087682437896728516e+01,-7.227748394012451172e+00,-2.293297767639160156e+00,-6.389916539192199707e-01
-1.612782478332519531e-01,-7.342303752899169922e+00,-1.148602676391601562e+01,-6.986751556396484375e+00,-2.185695648193359375e+00,-6.079467535018920898e-01
-1.530075818300247192e-01,-7.586924076080322266e+00,-1.205616760253906250e+01,-6.727565288543701172e+00,-2.077423810958862305e+00,-5.768828988075256348e-01
-1.447369009256362915e-01,-7.881753921508789062e+00,-1.255546951293945312e+01,-6.451405525207519531e+00,-1.968524217605590820e+00,-5.458009839057922363e-01
-1.364662200212478638e-01,-8.242218971252441406e+00,-1.295290660858154297e+01,-6.159480571746826172e+00,-1.859037876129150391e+00,-5.147020816802978516e-01
-1.281955540180206299e-01,-8.687593460083007812e+00,-1.322107982635498047e+01,-5.852981090545654297e+00,-1.749004483222961426e+00,-4.835872650146484375e-01
-1.199248731136322021e-01,-9.241263389587402344e+00,-1.333855438232421875e+01,-5.533069133758544922e+00,-1.638462185859680176e+00,-4.524574279785156250e-01
-1.116541922092437744e-01,-9.930895805358886719e+00,-1.329122638702392578e+01,-5.200871944427490234e+00,-1.527448892593383789e+00,-4.213136434555053711e-01
-1.033835187554359436e-01,-1.078908729553222656e+01,-1.307266235351562500e+01,-4.857477664947509766e+00,-1.416000843048095703e+00,-3.901569545269012451e-01
-9.511284530162811279e-02,-1.185407733917236328e+01,-1.268353271484375000e+01,-4.503930568695068359e+00,-1.304154396057128906e+00,-3.589882254600524902e-01
-8.684216439723968506e-02,-1.316635322570800781e+01,-1.213041400909423828e+01,-4.141233921051025391e+00,-1.191943645477294922e+00,-3.278084397315979004e-01
-7.857149094343185425e-02,-1.475253391265869141e+01,-1.142432022094726562e+01,-3.770348072052001953e+00,-1.079403042793273926e+00,-2.966187596321105957e-01
-7.030081003904342651e-02,-1.659195899963378906e+01,-1.057922935485839844e+01,-3.392188310623168945e+00,-9.665659666061401367e-01,-2.654199898242950439e-01
-6.203013658523559570e-02,-1.858701705932617188e+01,-9.610784530639648438e+00,-3.007635593414306641e+00,-8.534653782844543457e-01,-2.342131137847900391e-01
-5.375945940613746643e-02,-2.062324714660644531e+01,-8.535289764404296875e+00,-2.617531061172485352e+00,-7.401334643363952637e-01,-2.029990851879119873e-01
-4.548878222703933716e-02,-2.289161872863769531e+01,-7.368999958038330078e+00,-2.222683191299438477e+00,-6.266021132469177246e-01,-1.717789173126220703e-01
-3.721810877323150635e-02,-2.636334800720214844e+01,-6.127677440643310547e+00,-1.823873162269592285e+00,-5.129026174545288086e-01,-1.405535340309143066e-01
-2.894743159413337708e-02,-3.221547698974609375e+01,-4.826373577117919922e+00,-1.421855211257934570e+00,-3.990660905838012695e-01,-1.093238890171051025e-01
-2.067675441503524780e-02,-3.846066284179687500e+01,-3.479382038116455078e+00,-1.017364263534545898e+00,-2.851231694221496582e-01,-7.809092104434967041e-02
-1.240607909858226776e-02,-3.538094711303710938e+01,-2.100306987762451172e+00,-6.111184954643249512e-01,-1.711045652627944946e-01,-4.685560613870620728e-02
-4.135402850806713104e-03,-1.474547672271728516e+01,-7.022102475166320801e-01,-2.038245350122451782e-01,-5.704048648476600647e-02,-1.561885420233011246e-02
4.135402850806713104e-03,1.474547672271728516e+01,7.022102475166320801e-01,2.038245350122451782e-01,5.704048648476600647e-02,1.561885420233011246e-02
1.240607909858226776e-02,3.538094711303710938e+01,2.100306987762451172e+00,6.111184954643249512e-01,1.711045652627944946e-01,4.685560613870620728e-02
2.067675441503524780e-02,3.846066284179687500e+01,3.479382038116455078e+00,1.017364263534545898e+00,2.851231694221496582e-01,7.809092104434967041e-02
2.894743159413337708e-02,3.221547698974609375e+01,4.826373577117919922e+00,1.421855211257934570e+00,3.990660905838012695e-01,1.093238890171051025e-01
3.721810877323150635e-02,2.636334800720214844e+01,6.127677440643310547e+00,1.823873162269592285e+00,5.129026174545288086e-01,1.405535340309143066e-01
4.548878222703933716e-02,2.289161872863769531e+01,7.368999958038330078e+00,2.222683191299438477e+00,6.266021132469177246e-01,1.717789173126220703e-01
5.375945940613746643e-02,2.062324714660644531e+01,8.535289764404296875e+00,2.617531061172485352e+00,7.401334643363952637e-01,2.029990851879119873e-01
6.203013658523559570e-02,1.858701705932617188e+01,9.610784530639648438e+00,3.007635593414306641e+00,8.534653782844543457e-01,2.342131137847900391e-01
7.030081003904342651e-02,1.659195899963378906e+01,1.057922935485839844e+01,3.392188310623168945e+00,9.665659666061401367e-01,2.654199898242950439e-01
7.857149094343185425e-02,1.475253391265869141e+01,1.142432022094726562e+01,3.770348072052001953e+00,1.079403042793273926e+00,2.966187596321105957e-01
8.684216439723968506e-02,1.316635322570800781e+01,1.213041400909423828e+01,4.141233921051025391e+00,1.191943645477294922e+00,3.278084397315979004e-01
9.511284530162811279e-02,1.185407733917236328e+01,1.268353271484375000e+01,4.503930568695068359e+00,1.304154396057128906e+00,3.589882254600524902e-01
1.033835187554359436e-01,1.078908729553222656e+01,1.307266235351562500e+01,4.857477664947509766e+00,1.416000843048095703e+00,3.901569545269012451e-01
1.116541922092437744e-01,9.930895805358886719e+00,1.329122638702392578e+01,5.200871944427490234e+00,1.527448892593383789e+00,4.213136434555053711e-01
1.199248731136322021e-01,9.241263389587402344e+00,1.333855438232421875e+01,5.533069133758544922e+00,1.638462185859680176e+00,4.524574279785156250e-01
1.281955540180206299e-01,8.687593460083007812e+00,1.322107982635498047e+01,5.852981090545654297e+00,1.749004483222961426e+00,4.835872650146484375e-01
1.364662200212478638e-01,8.242218971252441406e+00,1.295290660858154297e+01,6.159480571746826172e+00,1.859037876129150391e+00,5.147020816802978516e-01
1.447369009256362915e-01,7.881753921508789062e+00,1.255546951293945312e+01,6.451405525207519531e+00,1.968524217605590820e+00,5.458009839057922363e-01
1.530075818300247192e-01,7.586924076080322266e+00,1.205616760253906250e+01,6.727565288543701172e+00,2.077423810958862305e+00,5.768828988075256348e-01
1.612782478332519531e-01,7.342303752899169922e+00,1.148602676391601562e+01,6.986751556396484375e+00,2.185695648193359375e+00,6.079467535018920898e-01
1.695489287376403809e-01,7.135766029357910156e+00,1.087682437896728516e+01,7.227748394012451172e+00,2.293297767639160156e+00,6.389916539192199707e-01
1.778196096420288086e-01,6.957811832427978516e+00,1.025818157196044922e+01,7.449352741241455078e+00,2.400187015533447266e+00,6.700165271759033203e-01
1.860902756452560425e-01,6.800989627838134766e+00,9.655184745788574219e+00,7.650388240814208984e+00,2.506317853927612305e+00,7.010200619697570801e-01
1.943609565496444702e-01,6.659466743469238281e+00,9.086881637573242188e+00,7.829734802246093750e+00,2.611645698547363281e+00,7.320015430450439453e-01
2.026316374540328979e-01,6.528754234313964844e+00,8.565813064575195312e+00,7.986345291137695312e+00,2.716121435165405273e+00,7.629598379135131836e-01
2.109023034572601318e-01,6.405499935150146484e+00,8.098450660705566406e+00,8.119286537170410156e+00,2.819695711135864258e+00,7.938936948776245117e-01
2.191729843616485596e-01,6.287302970886230469e+00,7.686213016510009766e+00,8.227760314941406250e+00,2.922318458557128906e+00,8.248019218444824219e-01
2.274436652660369873e-01,6.172541141510009766e+00,7.326786041259765625e+00,8.311149597167968750e+00,3.023936271667480469e+00,8.556839823722839355e-01
2.357143312692642212e-01,6.060190200805664062e+00,7.015449047088623047e+00,8.369042396545410156e+00,3.124494791030883789e+00,8.865379691123962402e-01
2.439850121736526489e-01,5.949677467346191406e+00,6.746214389801025391e+00,8.401266098022460938e+00,3.223937988281250000e+00,9.173634648323059082e-01
2.522556781768798828e-01,5.840742588043212891e+00,6.512726783752441406e+00,8.407925605773925781e+00,3.322207927703857422e+00,9.481587409973144531e-01
2.605263590812683105e-01,5.733330249786376953e+00,6.308849811553955078e+00,8.389416694641113281e+00,3.419244050979614258e+00,9.789230823516845703e-01
2.687970399856567383e-01,5.627516746520996094e+00,6.129048824310302734e+00,8.346451759338378906e+00,3.514983892440795898e+00,1.009654879570007324e+00
2.770677208900451660e-01,5.523451805114746094e+00,5.968560695648193359e+00,8.280062675476074219e+00,3.609364509582519531e+00,1.040353298187255859e+00
2.853384017944335938e-01,5.421320915222167969e+00,5.823437213897705078e+00,8.191597938537597656e+00,3.702317714691162109e+00,1.071016907691955566e+00
2.936090826988220215e-01,5.321315765380859375e+00,5.690505981445312500e+00,8.082715034484863281e+00,3.793776988983154297e+00,1.101644635200500488e+00
3.018797338008880615e-01,5.223627090454101562e+00,5.567282676696777344e+00,7.955334186553955078e+00,3.883670568466186523e+00,1.132234930992126465e+00
3.101504147052764893e-01,5.128423213958740234e+00,5.451866149902343750e+00,7.811614513397216797e+00,3.971927165985107422e+00,1.162786960601806641e+00
3.184210956096649170e-01,5.035851478576660156e+00,5.342832565307617188e+00,7.653895378112792969e+00,4.058471202850341797e+00,1.193299174308776855e+00
3.266917765140533447e-01,4.946026802062988281e+00,5.239134788513183594e+00,7.484634876251220703e+00,4.143227100372314453e+00,1.223770141601562500e+00
3.349624574184417725e-01,4.859037876129150391e+00,5.140016555786132812e+00,7.306348800659179688e+00,4.226115703582763672e+00,1.254198789596557617e+00
3.432331383228302002e-01,4.774943828582763672e+00,5.044940948486328125e+00,7.121541023254394531e+00,4.307056427001953125e+00,1.284583687782287598e+00
3.515038192272186279e-01,4.693774223327636719e+00,4.953534126281738281e+00,6.932642936706542969e+00,4.385968208312988281e+00,1.314923405647277832e+00
3.597744703292846680e-01,4.615539550781250000e+00,4.865533351898193359e+00,6.741948604583740234e+00,4.462765693664550781e+00,1.345216512680053711e+00
3.680451512336730957e-01,4.540225505828857422e+00,4.780762195587158203e+00,6.551569938659667969e+00,4.537364006042480469e+00,1.375461578369140625e+00
3.763158321380615234e-01,4.467804431915283203e+00,4.699094772338867188e+00,6.363394737243652344e+00,4.609675884246826172e+00,1.405657649040222168e+00
3.845865130424499512e-01,4.398236274719238281e+00,4.620441913604736328e+00,6.179058551788330078e+00,4.679614543914794922e+00,1.435802459716796875e+00
3.928571939468383789e-01,4.331468582153320312e+00,4.544734477996826172e+00,5.999931812286376953e+00,4.747090816497802734e+00,1.465895056724548340e+00
4.011278748512268066e-01,4.267442226409912109e+00,4.471915245056152344e+00,5.827116966247558594e+00,4.812012672424316406e+00,1.495933890342712402e+00
4.093985259532928467e-01,4.206095695495605469e+00,4.401931762695312500e+00,5.661451816558837891e+00,4.874292850494384766e+00,1.525916814804077148e+00
4.176692068576812744e-01,4.147358894348144531e+00,4.334732055664062500e+00,5.503531455993652344e+00,4.933841705322265625e+00,1.555843234062194824e+00
4.259398877620697021e-01,4.091161251068115234e+00,4.270259380340576172e+00,5.353723049163818359e+00,4.990567684173583984e+00,1.585710883140563965e+00
4.342105686664581299e-01,4.037428379058837891e+00,4.208457469940185547e+00,5.212198734283447266e+00,5.044382572174072266e+00,1.615518212318420410e+00
4.424812495708465576e-01,3.986086845397949219e+00,4.149261474609375000e+00,5.078966140747070312e+00,5.095200538635253906e+00,1.645263671875000000e+00
4.507519304752349854e-01,3.937056303024291992e+00,4.092605590820312500e+00,4.953889846801757812e+00,5.142934799194335938e+00,1.674945592880249023e+00
4.590225815773010254e-01,3.890257120132446289e+00,4.038417339324951172e+00,4.836730003356933594e+00,5.187502384185791016e+00,1.704562306404113770e+00
4.672932624816894531e-01,3.845607519149780273e+00,3.986624002456665039e+00,4.727161884307861328e+00,5.228823661804199219e+00,1.734111666679382324e+00
4.755639433860778809e-01,3.803023576736450195e+00,3.937146902084350586e+00,4.624806404113769531e+00,5.266821861267089844e+00,1.763592481613159180e+00
4.838346242904663086e-01,3.762422561645507812e+00,3.889906406402587891e+00,4.529246330261230469e+00,5.301424980163574219e+00,1.793002486228942871e+00
4.921053051948547363e-01,3.723718881607055664e+00,3.844822168350219727e+00,4.440047264099121094e+00,5.332565307617187500e+00,1.822340011596679688e+00
5.003759860992431641e-01,3.686828851699829102e+00,3.801812410354614258e+00,4.356768608093261719e+00,5.360182285308837891e+00,1.851603150367736816e+00
5.086466670036315918e-01,3.651667118072509766e+00,3.760797023773193359e+00,4.278981685638427734e+00,5.384222984313964844e+00,1.880789756774902344e+00
5.169173479080200195e-01,3.618153095245361328e+00,3.721691608428955078e+00,4.206268787384033203e+00,5.404637336730957031e+00,1.909898281097412109e+00
5.251880288124084473e-01,3.586205005645751953e+00,3.684418678283691406e+00,4.138234615325927734e+00,5.421387672424316406e+00,1.938926219940185547e+00
5.334587097167968750e-01,3.555747032165527344e+00,3.648898601531982422e+00,4.074511528015136719e+00,5.434443950653076172e+00,1.967872262001037598e+00
5.417293310165405273e-01,3.526704072952270508e+00,3.615056276321411133e+00,4.014757633209228516e+00,5.443785190582275391e+00,1.996733069419860840e+00
5.500000119209289551e-01,3.499005317687988281e+00,3.582814693450927734e+00,3.958659410476684570e+00,5.449402332305908203e+00,2.025507926940917969e+00
5.582706928253173828e-01,3.472584009170532227e+00,3.552103757858276367e+00,3.905931711196899414e+00,5.451295852661132812e+00,2.054193973541259766e+00
5.665413737297058105e-01,3.447378396987915039e+00,3.522853136062622070e+00,3.856315374374389648e+00,5.449478626251220703e+00,2.082789182662963867e+00
5.748120546340942383e-01,3.423330068588256836e+00,3.494997501373291016e+00,3.809577226638793945e+00,5.443977355957031250e+00,2.111291408538818359e+00
5.830827355384826660e-01,3.400385856628417969e+00,3.468473196029663086e+00,3.765508413314819336e+00,5.434829711914062500e+00,2.139697790145874023e+00
5.913534164428710938e-01,3.378494739532470703e+00,3.443218946456909180e+00,3.723918676376342773e+00,5.422089576721191406e+00,2.168006658554077148e+00
5.996240973472595215e-01,3.357613563537597656e+00,3.419180393218994141e+00,3.684639930725097656e+00,5.405820369720458984e+00,2.196214914321899414e+00
6.078947782516479492e-01,3.337699890136718750e+00,3.396302700042724609e+00,3.647518873214721680e+00,5.386102199554443359e+00,2.224320888519287109e+00
6.161654591560363770e-01,3.318716287612915039e+00,3.374534368515014648e+00,3.612418889999389648e+00,5.363028526306152344e+00,2.252321958541870117e+00
6.244361400604248047e-01,3.300626516342163086e+00,3.353830575942993164e+00,3.579216003417968750e+00,5.336705684661865234e+00,2.280215263366699219e+00
6.327068209648132324e-01,3.283401966094970703e+00,3.334145307540893555e+00,3.547797918319702148e+00,5.307255268096923828e+00,2.307998180389404297e+00
6.409775018692016602e-01,3.267012119293212891e+00,3.315438508987426758e+00,3.518062591552734375e+00,5.274809837341308594e+00,2.335668802261352539e+00
6.492481231689453125e-01,3.251430749893188477e+00,3.297671079635620117e+00,3.489919662475585938e+00,5.239518165588378906e+00,2.363223314285278320e+00
6.575188040733337402e-01,3.236634254455566406e+00,3.280807256698608398e+00,3.463282108306884766e+00,5.201534271240234375e+00,2.390660047531127930e+00
6.657894849777221680e-01,3.222599506378173828e+00,3.264813184738159180e+00,3.438072919845581055e+00,5.161030292510986328e+00,2.417975902557373047e+00
6.740601658821105957e-01,3.209304809570312500e+00,3.249657630920410156e+00,3.414219617843627930e+00,5.118184089660644531e+00,2.445167779922485352e+00
6.823308467864990234e-01,3.196732044219970703e+00,3.235312223434448242e+00,3.391656637191772461e+00,5.073182582855224609e+00,2.472233295440673828e+00
6.906015276908874512e-01,3.184860944747924805e+00,3.221750259399414062e+00,3.370321035385131836e+00,5.026220798492431641e+00,2.499168634414672852e+00
6.988722085952758789e-01,3.173674583435058594e+00,3.208944082260131836e+00,3.350157499313354492e+00,4.977500915527343750e+00,2.525972127914428711e+00
7.071428894996643066e-01,3.163155078887939453e+00,3.196871757507324219e+00,3.331110715866088867e+00,4.927227020263671875e+00,2.552639722824096680e+00
7.154135704040527344e-01,3.153285741806030273e+00,3.185509204864501953e+00,3.313130855560302734e+00,4.875608921051025391e+00,2.579168081283569336e+00
7.236842513084411621e-01,3.144051551818847656e+00,3.174836158752441406e+00,3.296171665191650391e+00,4.822855949401855469e+00,2.605555295944213867e+00
7.319549322128295898e-01,3.135435581207275391e+00,3.164830923080444336e+00,3.280187129974365234e+00,4.769177436828613281e+00,2.631797313690185547e+00
7.402256131172180176e-01,3.127424001693725586e+00,3.155475378036499023e+00,3.265138387680053711e+00,4.714783191680908203e+00,2.657890796661376953e+00
7.484962940216064453e-01,3.120000123977661133e+00,3.146750211715698242e+00,3.250983715057373047e+00,4.659877300262451172e+00,2.683832168579101562e+00
7.567669153213500977e-01,3.113149642944335938e+00,3.138636827468872070e+00,3.237688541412353516e+00,4.604660511016845703e+00,2.709618806838989258e+00
7.650375962257385254e-01,3.106858730316162109e+00,3.131119251251220703e+00,3.225215435028076172e+00,4.549326419830322266e+00,2.735247373580932617e+00
7.733082771301269531e-01,3.101112127304077148e+00,3.124180316925048828e+00,3.213533163070678711e+00,4.494062900543212891e+00,2.760713100433349609e+00
7.815789580345153809e-01,3.095895528793334961e+00,3.117802381515502930e+00,3.202609062194824219e+00,4.439048767089843750e+00,2.786013603210449219e+00
7.898496389389038086e-01,3.091194868087768555e+00,3.111972332000732422e+00,3.192414045333862305e+00,4.384453773498535156e+00,2.811145067214965820e+00
7.981203198432922363e-01,3.086996078491210938e+00,3.106671810150146484e+00,3.182919740676879883e+00,4.330434322357177734e+00,2.836102962493896484e+00
8.063910007476806641e-01,3.083285093307495117e+00,3.101886272430419922e+00,3.174099206924438477e+00,4.277142047882080078e+00,2.860884428024291992e+00
8.146616816520690918e-01,3.080048561096191406e+00,3.097601890563964844e+00,3.165927410125732422e+00,4.224711894989013672e+00,2.885486125946044922e+00
8.229323625564575195e-01,3.077272176742553711e+00,3.093802213668823242e+00,3.158377885818481445e+00,4.173267841339111328e+00,2.909902334213256836e+00
8.312030434608459473e-01,3.074943065643310547e+00,3.090474128723144531e+00,3.151429176330566406e+00,4.122922420501708984e+00,2.934130907058715820e+00
8.394737243652343750e-01,3.073046922683715820e+00,3.087601661682128906e+00,3.145058155059814453e+00,4.073775768280029297e+00,2.958167076110839844e+00
8.477444052696228027e-01,3.071570873260498047e+00,3.085171937942504883e+00,3.139243125915527344e+00,4.025915622711181641e+00,2.982007026672363281e+00
8.560150861740112305e-01,3.070501327514648438e+00,3.083170413970947266e+00,3.133962869644165039e+00,3.979417562484741211e+00,3.005646705627441406e+00
8.642857074737548828e-01,3.069824695587158203e+00,3.081582546234130859e+00,3.129198312759399414e+00,3.934345483779907227e+00,3.029080629348754883e+00
8.725563883781433105e-01,3.069527387619018555e+00,3.080394506454467773e+00,3.124930143356323242e+00,3.890751123428344727e+00,3.052306890487670898e+00
8.808270692825317383e-01,3.069596290588378906e+00,3.079592943191528320e+00,3.121138334274291992e+00,3.848674774169921875e+00,3.075319766998291016e+00
8.890977501869201660e-01,3.070018291473388672e+00,3.079162597656250000e+00,3.117805242538452148e+00,3.808149337768554688e+00,3.098114967346191406e+00
8.973684310913085938e-01,3.070779561996459961e+00,3.079091072082519531e+00,3.114914178848266602e+00,3.769195318222045898e+00,3.120688676834106445e+00
9.056391119956970215e-01,3.071867465972900391e+00,3.079364776611328125e+00,3.112447023391723633e+00,3.731823444366455078e+00,3.143036127090454102e+00
9.139097929000854492e-01,3.073267698287963867e+00,3.079968929290771484e+00,3.110387563705444336e+00,3.696038484573364258e+00,3.165152311325073242e+00
9.221804738044738770e-01,3.074967145919799805e+00,3.080889940261840820e+00,3.108719110488891602e+00,3.661834239959716797e+00,3.187033176422119141e+00
9.304511547088623047e-01,3.076952219009399414e+00,3.082114934921264648e+00,3.107425928115844727e+00,3.629201412200927734e+00,3.208673954010009766e+00
9.387218356132507324e-01,3.079209566116333008e+00,3.083630800247192383e+00,3.106492042541503906e+00,3.598120450973510742e+00,3.230070352554321289e+00
9.469925165176391602e-01,3.081726074218750000e+00,3.085422039031982422e+00,3.105902671813964844e+00,3.568568706512451172e+00,3.251217365264892578e+00
9.552631974220275879e-01,3.084487438201904297e+00,3.087476015090942383e+00,3.105641603469848633e+00,3.540517091751098633e+00,3.272110462188720703e+00
9.635338187217712402e-01,3.087480545043945312e+00,3.089779853820800781e+00,3.105694770812988281e+00,3.513933897018432617e+00,3.292744636535644531e+00
9.718044996261596680e-01,3.090691328048706055e+00,3.092319488525390625e+00,3.106047868728637695e+00,3.488781690597534180e+00,3.313115119934082031e+00
9.800751805305480957e-01,3.094105958938598633e+00,3.095081090927124023e+00,3.106685638427734375e+00,3.465020656585693359e+00,3.333217620849609375e+00
9.883458614349365234e-01,3.097711324691772461e+00,3.098051071166992188e+00,3.107594013214111328e+00,3.442609310150146484e+00,3.353045463562011719e+00
9.966165423393249512e-01,3.101493835449218750e+00,3.101217269897460938e+00,3.108759403228759766e+00,3.421504020690917969e+00,3.372595787048339844e+00
1.004887223243713379e+00,3.105439424514770508e+00,3.104564666748046875e+00,3.110167503356933594e+00,3.401657342910766602e+00,3.391863346099853516e+00
1.013157963752746582e+00,3.109534978866577148e+00,3.108080625534057617e+00,3.111804246902465820e+00,3.383024454116821289e+00,3.410841464996337891e+00
1.021428585052490234e+00,3.113766193389892578e+00,3.111752033233642578e+00,3.113656759262084961e+00,3.365557909011840820e+00,3.429527044296264648e+00
1.029699206352233887e+00,3.118119716644287109e+00,3.115564823150634766e+00,3.115710496902465820e+00,3.349208354949951172e+00,3.447913408279418945e+00
1.037969946861267090e+00,3.122582197189331055e+00,3.119506835937500000e+00,3.117954015731811523e+00,3.333928346633911133e+00,3.465997695922851562e+00
1.046240568161010742e+00,3.127140522003173828e+00,3.123564004898071289e+00,3.120372056961059570e+00,3.319670677185058594e+00,3.483772993087768555e+00
1.054511308670043945e+00,3.131781339645385742e+00,3.127724170684814453e+00,3.122953176498413086e+00,3.306389093399047852e+00,3.501235008239746094e+00
1.062781929969787598e+00,3.136490583419799805e+00,3.131973028182983398e+00,3.125683546066284180e+00,3.294035673141479492e+00,3.518378973007202148e+00
1.071052670478820801e+00,3.141255855560302734e+00,3.136298179626464844e+00,3.128550529479980469e+00,3.282564640045166016e+00,3.535198688507080078e+00
1.079323291778564453e+00,3.146063327789306641e+00,3.140688180923461914e+00,3.131541013717651367e+00,3.271932363510131836e+00,3.551690816879272461e+00
1.087594032287597656e+00,3.150901556015014648e+00,3.145128250122070312e+00,3.134642839431762695e+00,3.262095212936401367e+00,3.567849159240722656e+00
1.095864653587341309e+00,3.155757427215576172e+00,3.149607658386230469e+00,3.137844324111938477e+00,3.253010272979736328e+00,3.583668947219848633e+00
1.104135394096374512e+00,3.160617113113403320e+00,3.154112577438354492e+00,3.141131162643432617e+00,3.244636297225952148e+00,3.599145889282226562e+00
1.112406015396118164e+00,3.165469646453857422e+00,3.158631801605224609e+00,3.144493579864501953e+00,3.236934423446655273e+00,3.614274263381958008e+00
1.120676755905151367e+00,3.170302867889404297e+00,3.163152217864990234e+00,3.147917509078979492e+00,3.229864835739135742e+00,3.629049777984619141e+00
1.128947377204895020e+00,3.175102710723876953e+00,3.167662143707275391e+00,3.151392936706542969e+00,3.223392486572265625e+00,3.643466949462890625e+00
1.137217998504638672e+00,3.179860115051269531e+00,3.172150611877441406e+00,3.154905557632446289e+00,3.217480182647705078e+00,3.657522201538085938e+00
1.145488739013671875e+00,3.184561252593994141e+00,3.176604747772216797e+00,3.158445596694946289e+00,3.212093830108642578e+00,3.671209573745727539e+00
1.153759360313415527e+00,3.189196825027465820e+00,3.181013345718383789e+00,3.162000656127929688e+00,3.207201242446899414e+00,3.684525489807128906e+00
1.162030100822448730e+00,3.193752527236938477e+00,3.185365676879882812e+00,3.165560245513916016e+00,3.202769756317138672e+00,3.697464942932128906e+00
1.170300722122192383e+00,3.198220252990722656e+00,3.189649343490600586e+00,3.169111490249633789e+00,3.198770523071289062e+00,3.710023403167724609e+00
1.178571462631225586e+00,3.202587842941284180e+00,3.193855047225952148e+00,3.172644853591918945e+00,3.195173025131225586e+00,3.722196817398071289e+00
1.186842083930969238e+00,3.206843614578247070e+00,3.197971105575561523e+00,3.176148414611816406e+00,3.191951513290405273e+00,3.733981370925903320e+00
1.195112824440002441e+00,3.210979461669921875e+00,3.201986551284790039e+00,3.179611682891845703e+00,3.189077377319335938e+00,3.745372056961059570e+00
1.203383445739746094e+00,3.214983224868774414e+00,3.205890893936157227e+00,3.183023691177368164e+00,3.186525821685791016e+00,3.756365060806274414e+00
1.211654186248779297e+00,3.218846321105957031e+00,3.209675312042236328e+00,3.186373710632324219e+00,3.184273004531860352e+00,3.766957283020019531e+00
1.219924807548522949e+00,3.222557783126831055e+00,3.213328599929809570e+00,3.189651966094970703e+00,3.182295322418212891e+00,3.777143478393554688e+00
1.228195428848266602e+00,3.226109266281127930e+00,3.216840505599975586e+00,3.192847728729248047e+00,3.180570840835571289e+00,3.786922216415405273e+00
1.236466169357299805e+00,3.229489326477050781e+00,3.220201969146728516e+00,3.195951223373413086e+00,3.179078340530395508e+00,3.796288728713989258e+00
1.244736790657043457e+00,3.232691287994384766e+00,3.223404884338378906e+00,3.198951721191406250e+00,3.177796840667724609e+00,3.805240154266357422e+00
1.253007531166076660e+00,3.235704660415649414e+00,3.226438283920288086e+00,3.201840400695800781e+00,3.176706790924072266e+00,3.813773393630981445e+00
1.261278152465820312e+00,3.238520860671997070e+00,3.229293346405029297e+00,3.204607248306274414e+00,3.175789117813110352e+00,3.821885347366333008e+00
1.269548892974853516e+00,3.241132259368896484e+00,3.231961011886596680e+00,3.207242250442504883e+00,3.175026655197143555e+00,3.829574823379516602e+00
1.277819514274597168e+00,3.243529558181762695e+00,3.234433889389038086e+00,3.209737062454223633e+00,3.174401283264160156e+00,3.836837291717529297e+00
1.286090254783630371e+00,3.245705366134643555e+00,3.236702680587768555e+00,3.212082862854003906e+00,3.173897266387939453e+00,3.843671798706054688e+00
1.294360876083374023e+00,3.247650623321533203e+00,3.238759279251098633e+00,3.214268445968627930e+00,3.173497915267944336e+00,3.850076675415039062e+00
1.302631616592407227e+00,3.249358177185058594e+00,3.240595102310180664e+00,3.216288089752197266e+00,3.173188924789428711e+00,3.856049060821533203e+00
1.310902237892150879e+00,3.250821113586425781e+00,3.242202281951904297e+00,3.218131065368652344e+00,3.172954082489013672e+00,3.861588239669799805e+00
1.319172978401184082e+00,3.252031326293945312e+00,3.243574857711791992e+00,3.219789505004882812e+00,3.172780036926269531e+00,3.866693735122680664e+00
1.327443599700927734e+00,3.252982139587402344e+00,3.244704008102416992e+00,3.221256494522094727e+00,3.172652959823608398e+00,3.871362209320068359e+00
1.335714221000671387e+00,3.253666877746582031e+00,3.245582103729248047e+00,3.222521305084228516e+00,3.172558784484863281e+00,3.875595092773437500e+00
1.343984961509704590e+00,3.254078388214111328e+00,3.246203422546386719e+00,3.223578929901123047e+00,3.172486066818237305e+00,3.879391908645629883e+00
1.352255582809448242e+00,3.254210710525512695e+00,3.246560335159301758e+00,3.224418878555297852e+00,3.172421455383300781e+00,3.882751703262329102e+00
1.360526323318481445e+00,3.254056453704833984e+00,3.246645927429199219e+00,3.225035905838012695e+00,3.172352552413940430e+00,3.885674953460693359e+00
1.368796944618225098e+00,3.253610849380493164e+00,3.246454715728759766e+00,3.225422620773315430e+00,3.172268867492675781e+00,3.888162851333618164e+00
1.377067685127258301e+00,3.252866983413696289e+00,3.245980024337768555e+00,3.225570678710937500e+00,3.172158002853393555e+00,3.890214920043945312e+00
1.385338306427001953e+00,3.251819849014282227e+00,3.245215654373168945e+00,3.225473403930664062e+00,3.172009229660034180e+00,3.891833305358886719e+00
1.393609046936035156e+00,3.250464439392089844e+00,3.244156599044799805e+00,3.225124835968017578e+00,3.171812772750854492e+00,3.893018960952758789e+00
1.401879668235778809e+00,3.248794794082641602e+00,3.242796659469604492e+00,3.224518299102783203e+00,3.171557426452636719e+00,3.893773794174194336e+00
1.410150408744812012e+00,3.246806144714355469e+00,3.241130590438842773e+00,3.223648548126220703e+00,3.171233892440795898e+00,3.894100189208984375e+00
1.418421030044555664e+00,3.244493722915649414e+00,3.239153623580932617e+00,3.222507953643798828e+00,3.170832633972167969e+00,3.894000291824340820e+00
1.426691770553588867e+00,3.241854190826416016e+00,3.236861467361450195e+00,3.221090793609619141e+00,3.170342206954956055e+00,3.893477201461791992e+00
1.434962391853332520e+00,3.238882064819335938e+00,3.234248876571655273e+00,3.219392538070678711e+00,3.169755220413208008e+00,3.892532825469970703e+00
1.443233013153076172e+00,3.235574007034301758e+00,3.231311082839965820e+00,3.217407464981079102e+00,3.169062852859497070e+00,3.891172647476196289e+00
1.451503753662109375e+00,3.231926202774047852e+00,3.228044986724853516e+00,3.215130090713500977e+00,3.168255805969238281e+00,3.889399290084838867e+00
1.459774374961853027e+00,3.227935075759887695e+00,3.224447488784790039e+00,3.212556362152099609e+00,3.167325019836425781e+00,3.887216567993164062e+00
1.468045115470886230e+00,3.223597764968872070e+00,3.220514059066772461e+00,3.209680318832397461e+00,3.166263580322265625e+00,3.884629726409912109e+00
1.476315736770629883e+00,3.218911409378051758e+00,3.216240882873535156e+00,3.206499576568603516e+00,3.165062665939331055e+00,3.881642341613769531e+00
1.484586477279663086e+00,3.213874340057373047e+00,3.211625814437866211e+00,3.203007698059082031e+00,3.163715124130249023e+00,3.878261566162109375e+00
1.492857098579406738e+00,3.208482742309570312e+00,3.206666707992553711e+00,3.199202775955200195e+00,3.162212371826171875e+00,3.874490737915039062e+00
1.501127839088439941e+00,3.202735424041748047e+00,3.201360225677490234e+00,3.195081233978271484e+00,3.160548210144042969e+00,3.870337009429931641e+00
1.509398460388183594e+00,3.196631669998168945e+00,3.195705175399780273e+00,3.190638542175292969e+00,3.158714532852172852e+00,3.865805625915527344e+00
1.517669200897216797e+00,3.190169095993041992e+00,3.189699172973632812e+00,3.185872077941894531e+00,3.156705617904663086e+00,3.860904216766357422e+00
1.525939822196960449e+00,3.183346986770629883e+00,3.183341741561889648e+00,3.180780410766601562e+00,3.154513835906982422e+00,3.855637550354003906e+00
1.534210562705993652e+00,3.176165103912353516e+00,3.176631927490234375e+00,3.175359964370727539e+00,3.152133226394653320e+00,3.850013494491577148e+00
1.542481184005737305e+00,3.168623685836791992e+00,3.169567584991455078e+00,3.169608831405639648e+00,3.149557352066040039e+00,3.844039916992187500e+00
1.550751805305480957e+00,3.160722494125366211e+00,3.162149667739868164e+00,3.163525581359863281e+00,3.146780252456665039e+00,3.837724208831787109e+00
1.559022545814514160e+00,3.152461051940917969e+00,3.154377460479736328e+00,3.157108306884765625e+00,3.143796205520629883e+00,3.831072330474853516e+00
1.567293167114257812e+00,3.143841743469238281e+00,3.146252155303955078e+00,3.150356531143188477e+00,3.140600442886352539e+00,3.824095249176025391e+00
1.575563907623291016e+00,3.134864091873168945e+00,3.137773752212524414e+00,3.143268823623657227e+00,3.137186050415039062e+00,3.816798210144042969e+00
1.583834528923034668e+00,3.125531673431396484e+00,3.128943204879760742e+00,3.135844707489013672e+00,3.133549690246582031e+00,3.809191465377807617e+00
1.592105269432067871e+00,3.115845441818237305e+00,3.119762659072875977e+00,3.128084659576416016e+00,3.129684686660766602e+00,3.801283359527587891e+00
1.600375890731811523e+00,3.105808496475219727e+00,3.110233306884765625e+00,3.119987964630126953e+00,3.125587701797485352e+00,3.793081760406494141e+00
1.608646631240844727e+00,3.095422506332397461e+00,3.100357294082641602e+00,3.111557006835937500e+00,3.121254205703735352e+00,3.784596681594848633e+00
1.616917252540588379e+00,3.084692001342773438e+00,3.090137481689453125e+00,3.102790594100952148e+00,3.116679191589355469e+00,3.775837659835815430e+00
1.625187993049621582e+00,3.073618888854980469e+00,3.079578399658203125e+00,3.093691587448120117e+00,3.111860036849975586e+00,3.766812562942504883e+00
1.633458614349365234e+00,3.062208414077758789e+00,3.068680763244628906e+00,3.084259986877441406e+00,3.106792211532592773e+00,3.757530927658081055e+00
1.641729354858398438e+00,3.050465345382690430e+00,3.057449340820312500e+00,3.074499130249023438e+00,3.101473093032836914e+00,3.748002767562866211e+00
1.649999976158142090e+00,3.038393735885620117e+00,3.045888185501098633e+00,3.064410686492919922e+00,3.095898866653442383e+00,3.738237142562866211e+00
